notes,police_presence,arrest,brutality
"On 30 January 2021, around 100 'Free Party' demonstrators, including students and yellow vests demonstrators, protested in Perpignan to call for charges to be dropped against a 'Free Party' member who was arrested after organizing a rave party in Lieuron with 2500 people on 31 December 2020.",0,0,0
"On 26 September 2020, No TAV activists gathered outside a prison in Torino (Torino, Piemonte) in support of a No TAV activist who was recently arrested. Protesters opposed the verdict against her.",0,0,0
"On 28 March 2024, at the call of CiF, people gathered outside the police station in Bastia (Corse) to express solidarity with separatist activist Stephane Ori, who was arrested and transferred to France for his interrogation by French police. The protesters condemned what they deemed a repression of separatist activists by the French government.",0,0,0
"On 27 March 2024, at the call of CiF, people gathered outside the police station in Bastia (Corse) to express solidarity with separatist activist Stephane Ori, who was arrested and transferred to France for his interrogation by French police. The protesters condemned what they deemed a repression of separatist activists by the French government.",0,0,0
"On 11 December 2024, at the call of CR, around 15 farmers gathered in Gueret (Nouvelle-Aquitaine) to express solidarity with 4 farmers who were arrested for ransacking the French Office for Biodiversity (OFB) during a demonstration on 19 November. The protesters deemed their detention unjustified and unfair.",0,0,0
"On 30 November 2021, around 10 climate activists belonging to Insulate Britain gathered outside Downing Street in London - Westminster to urge the government to fund the insulation of homes in the country as a way to reduce carbon dioxide emissions and combat climate change. Protesters staged a hunger strike, demanding the release of two protesters who were arrested following earlier protests organised by Insulate Britain in which they blocked motorways and roads as part of the protest.",0,0,0
"On 25 September 2023, climate activists staged a protest outside the Crown Court in London - Westminster (England) against the decision by the Attorney General's Office to prosecute fellow activist Trudi Warner. She was arrested in March after allegedly communicating to jurors with a sign during the trial of Insulate Britain protesters. The event was part of a national day of action.",0,0,0
"On 12 January 2021, around 50 yellow vests demonstrators protested in Agen to support a protester and call for charges to be dropped. The yellow vest demonstrator was arrested for having placed pallets and waste containers on the street in Estillac.",0,0,0
"On 2 September 2022, around 100 ecologists, trade unionists, and environmental activists of the group 'Save the Gardens Workers of Aubervilliers' gathered for a protest in front of the 16th correctional chamber at the tribunal in Bobigny, in support of the 'Jadistes,' 8 fellow activists who were arrested earlier in the year for obstructing public works while protesting the installation of a training pool and its solarium for the 2024 Paris Summer Olympics and the resultant resizing of neighboring gardens.",0,0,0
"On 25 September 2023, climate activists staged a protest outside the Crown Court in Manchester (England) against the decision by the Attorney General's Office to prosecute fellow activist Trudi Warner. She was arrested in March after allegedly communicating to jurors with a sign during the trial of Insulate Britain protesters. The event was part of a national day of action.",0,0,0
"On 25 September 2023, climate activists staged a protest outside the Crown Court in Bristol (England) against the decision by the Attorney General's Office to prosecute fellow activist Trudi Warner. She was arrested in March after allegedly communicating to jurors with a sign during the trial of Insulate Britain protesters. The event was part of a national day of action.",0,0,0
"On 25 September 2023, climate activists staged a protest outside the Crown Court in Derby (England) against the decision by the Attorney General's Office to prosecute fellow activist Trudi Warner. She was arrested in March after allegedly communicating to jurors with a sign during the trial of Insulate Britain protesters. The event was part of a national day of action.",0,0,0
"On 4 June 2024, at the call of CR, around 60 farmers gathered outside the gendarmerie station in Auch (Occitanie) to express solidarity with Lionel Candelon, head of the departmental CR branch, who was arrested and interrogated for a protest action on 27 May, where he damaged the French Biodiversity Office (OFB) building. The protesters also called for a dissolution of the OFB.",0,0,0
"On 24 February 2022, around 70 people, who were majority women, waving pro-feminist and anti-police banners rallied outside Newport Central Police Station in Newport in support of Jennifer Swain, who was arrested for placing stickers around the city. Protesters demanded women's rights, women's safety, police support for women, rape, and gender identity. A Swansea University student spoke at the protest, while Merched Cymru, Women's Rights, and the Lesbian Labour group members attended the rally.",0,0,0
"On 8 May 2022, Amnesty International activists gathered in Altamura (Bari, Puglia) to protest against the repression of dissent in Russia, where over 15,000 people demonstrating against the war in Ukraine were allegedly arrested.",0,0,0
"On 27 October 2024, climate and environmental activists, including from Ethical Alliance (Alliance ethique) and SSCS, gathered outside the Japan Matsuri fair in Montpellier (Occitanie) to demand the release of Paul Watson, the founder of Sea Shepherd and a prominent defender of marine ecosystems. Watson was arrested in Greenland on 21 July 2024, while heading toward a Japanese harpoon vessel. The demonstrators protested against his potential extradition to Japan and advocated for his continued fight to protect marine life and the environment.",0,0,0
"On 30 January 2021, around 100 'Free Party' demonstrators, including students and yellow vests demonstrators, protested in Rennes to call for charges to be dropped against a 'Free Party' member who was arrested after organizing a rave party in Lieuron with 2500 people on 31 December 2020.",0,0,0
"On 24 September 2022, a group of people protested in the city center in Hamburg - Hamburg-Mitte (Hamburg) to demonstrate against the systemic rule and discrimination against women in Iran. One headscarf was burned at the protest and several people symbolically cut their hair off to protest. The current protests were triggered by the death of a woman who was arrested by the morality police for infringing hijab rules.",0,0,0
"On 5 December 2020, demonstrators gathered in Macon, on the Lamartine quay, at the call of local organizations. They denounced financial precariousness and called for the removal of article 24 of the 'comprehensive security' bill and denounced its potential infringement of the principle of freedom of information, especially on reporting on police brutality. The article criminalizes disseminating images with personal identifiers of a police or military officer, with the aim of affecting his or her physical or psychological integrity.",0,0,0
"On 11 June 2020, at night, around 50 police officers gathered at the Stanislas place in Nancy and dropped their handcuffs on the floor. They protested against the declarations of the Minister of the Interior about implementing changes in the police arrest techniques that were made in response to a row of protests in the country against racism and police brutality.",0,0,0
"On 8 June 2020, in the afternoon, over 2,000 persons, mainly young people, gathered at the Bretagne tower in Nantes. They then marched to protest against police brutality at the call of the Black lives matter movement and of four French teenagers aged 17 to 19.",0,0,0
"On 8 December 2020, police officers protested in Nantes to claim that the French police were not racist nor violent. They denounced an interview with the French president acknowledging the existence of police violence as well as racial profiling. They demonstrated because they felt always blamed and not heard.",0,0,0
"On 5 December 2020, demonstrators gathered in La Rochelle. They called for the removal of article 24 of the 'comprehensive security' bill and denounced its potential infringement of the principle of freedom of information, especially on reporting on police brutality. The article criminalizes disseminating images with personal identifiers of a police or military officer, with the aim of affecting his or her physical or psychological integrity.",0,0,0
"On 10 June 2020, in the afternoon, nearly 1,500 persons gathered in Brest, at the call of a singer and of the Human Rights League. They protested against police brutality and in memory of a black man killed by police officers in the United States of America days before. They kneeled and remained in silence for 8 minutes 46, the time it took him to suffocate to death.",0,0,0
"On 11 June 2020, police officers gathered in Marseille and dropped their handcuffs on the floor, at the call of unions. They protested against the declarations of the Minister of the Interior about implementing changes in the police arrest techniques that were made in response to a row of protests in the country against racism and police brutality.",0,0,0
"On 5 December 2020, nearly 500 persons demonstrated at the Beaune square in Chalon-sur-Saone, at the call of the Human Rights League. They called for the removal of article 24 of the 'comprehensive security' bill and denounced its potential infringement of the principle of freedom of information, especially on reporting on police brutality. The article criminalizes disseminating images with personal identifiers of a police or military officer, with the aim of affecting his or her physical or psychological integrity.",0,0,0
"On 5 December 2020, between 100 and 150 persons gathered in Montceau-les-Mines, at the call of political groups and unions. They called for the removal of article 24 of the 'comprehensive security' bill and denounced its potential infringement of the principle of freedom of information, especially on reporting on police brutality. The article criminalizes disseminating images with personal identifiers of a police or military officer, with the aim of affecting his or her physical or psychological integrity.",0,0,0
"On 11 June 2020, police officers gathered in Nice and dropped their handcuffs on the floor, at the call of unions. They protested against the declarations of the Minister of the Interior about implementing changes in the police arrest techniques that were made in response to a row of protests in the country against racism and police brutality.",0,0,0
"On 12 June 2020, police officers gathered in La Rochelle and dropped their handcuffs on the floor, at the call of unions. They protested against the declarations of the Minister of the Interior about implementing changes in the police arrest techniques that were made in response to a row of protests in the country against racism and police brutality.",0,0,0
"On 5 December 2020, demonstrators, including members of the Sud union, gathered in Draguignan. They denounced financial precariousness and called for the removal of article 24 of the 'comprehensive security' bill and denounced its potential infringement of the principle of freedom of information, especially on reporting on police brutality. The article criminalizes disseminating images with personal identifiers of a police or military officer, with the aim of affecting his or her physical or psychological integrity.",0,0,0
"On 11 June 2020, in the evening, around 100 police officers gathered in front of the police station of Bordeaux and dropped their handcuffs on the floor, at the call of unions. They protested against the declarations of the Minister of the Interior about implementing changes in the police arrest techniques that were made in response to a row of protests in the country against racism and police brutality.",0,0,0
"On 17 November 2020, around 1,000 persons, including yellow vests, journalists and students demonstrated at the Human Rights square in Bordeaux, at the call of several organizations. They called for the removal of article 24 of the 'comprehensive security' bill and denounced its potential infringement of the principle of freedom of information, especially on reporting on police brutality. The article criminalizes disseminating images with personal identifiers of a police or military officer, with the aim of affecting his or her physical or psychological integrity.",0,0,0
"On 12 June 2020, at midday, police officers gathered near the courthouse in Bordeaux and dropped their handcuffs on the floor, at the call of unions. They protested against the declarations of the Minister of the Interior about implementing changes in the police arrest techniques that were made in response to a row of protests in the country against racism and police brutality.",0,0,0
"On 24 June 2020, a group of police officers, organized by the National Police Alliance, turned their back on the car carrying the Minister of the Interior, who was visiting the police station of Gennevilliers. They protested against his declarations about implementing changes in the police arrest techniques that were made in response to a row of protests in the country against racism and police brutality.",0,0,0
"On 5 December 2020, around 100 people, including many Yellow Vests, gathered on Place de la Bourse in Bordeaux (Nouvelle-Aquitaine) to protest against police violence. Later that afternoon, around 200 people, at the call of CGT, LDH, and other unions, rallied on Place de la Victoire to denounce layoffs, unemployment, and financial precariousness. The two groups joined together into a single march that grew to nearly 1,000 participants before dispersing around 4:30 pm without clashes, under a prefectural order barring demonstrators from entering central shopping streets.",0,0,0
"On 12 January 2020, hundreds of demonstrators, from all over France, gathered on Place de la Comedie in Montpellier early in the afternoon to pay tribute to the yellow vests injured during previous rallies in France and to denounce the police violence. Among them, a dozen yellow vests, themselves injured, were present to denounce the police violence and demand the ban on the LBD and other non-lethal weapons used by the police.",0,0,0
"On 5 December 2020, around 350 people demonstrated in La Roche-sur-Yon, at the call of the CGT, Solidaires, FSU and FO unions, as well as Attac, Amnesty International, the Vendee section of MFPF, and LDH. They called for the removal of article 24 of the 'comprehensive security' bill and denounced its potential infringement of the principle of freedom of information, especially on reporting on police brutality. The article criminalizes disseminating images with personal identifiers of a police or military officer, with the aim of affecting his or her physical or psychological integrity.",0,0,0
"On 12 June 2020, around 50 police officers gathered in Perigueux and dropped their handcuffs on the floor, at the call of unions. They protested against the declarations of the Minister of the Interior about implementing changes in the police arrest techniques that were made in response to a row of protests in the country against racism and police brutality.",0,0,0
"On 18 September 2021, the Madrid Safe platform protested in Chueca neighbourhood in Madrid - Centro, chanting 'out faggots from our neighbourhoods.' Protesters extended their arms, performing the Nazi salute. One protester was arrested after he assaulted another demonstrator.",1,1,0
"On 17 October 2020, around 250 charity and church members demonstrated outside the Napier Barracks in Sandgate where asylum-seekers were being housed. Later, a small number of far-right protesters arrived and were protesting that asylum seekers moved in. One person was arrested for suspicion of causing criminal damage.",1,1,0
